City_ID,City,Lat,Lng,Max Temp,Humidity,Cloudiness,Wind Speed,Country,Date
0,port-aux-francais,-49.35,70.2167,2.160000000000025,99,100,10.95,TF,1691040389
1,invercargill,-46.4,168.35,10.57000000000005,88,88,1.79,NZ,1691040162
2,yellowknife,62.456,-114.3525,16.29000000000002,72,40,2.57,CA,1691040391
3,albany,42.6001,-73.9662,17.230000000000018,82,31,0.45,US,1691040391
4,puerto ayora,-0.7393,-90.3518,23.640000000000043,91,31,0.89,EC,1691040392
5,uckfield,50.9695,0.0959,16.04000000000002,95,86,4.16,GB,1691040392
6,dergachi,51.2328,48.7659,25.129999999999995,49,100,3.73,RU,1691040393
7,longyearbyen,78.2186,15.6401,10.910000000000025,76,75,3.09,SJ,1691040393
8,jamestown,42.097,-79.2353,20.77000000000004,86,0,2.06,US,1691040394
9,roosevelt,33.9668,-103.4505,28.120000000000005,34,91,3.08,US,1691040395
10,san jose,37.3394,-121.895,18.33000000000004,68,20,11.18,US,1691040157
11,guanare,9.0418,-69.7421,30.010000000000048,66,14,0.51,VE,1691040396
12,waitangi,-43.9535,-176.5597,6.010000000000048,87,100,2.24,NZ,1691040396
13,lompoc,34.6391,-120.4579,14.730000000000018,86,100,7.6,US,1691040397
14,santa marta,11.2408,-74.199,28.83000000000004,81,1,2.24,CO,1691040102
15,vorkuta,67.5,64.0,24.53000000000003,56,5,3.19,RU,1691040398
16,wailua homesteads,22.0669,-159.378,27.24000000000001,82,0,7.2,US,1691040399
17,greymouth,-42.4667,171.2,7.550000000000011,59,2,0.96,NZ,1691040399
18,iqaluit,63.7506,-68.5145,6.850000000000023,87,75,0.0,CA,1691040400
19,talnakh,69.4865,88.3972,21.230000000000018,21,16,0.89,RU,1691040401
20,acapulco de juarez,16.8634,-99.8901,22.900000000000034,94,100,4.12,MX,1691040173
21,forster,-32.1667,152.5167,18.54000000000002,66,0,5.02,AU,1691040402
22,margaret river,-33.95,115.0667,12.370000000000005,57,90,3.71,AU,1691040403
23,adamstown,-25.066,-130.1015,21.439999999999998,75,32,9.68,PN,1691040403
24,sola,-13.8833,167.55,24.060000000000002,89,100,7.79,VU,1691040404
25,semera,11.501,41.201,28.400000000000034,48,58,2.31,ET,1691040405
26,howrah,22.5892,88.3103,31.0,79,40,5.66,IN,1691040405
27,dudinka,69.4058,86.1778,21.460000000000036,34,15,7.44,RU,1691040406
28,muynoq,43.7683,59.0214,32.460000000000036,25,0,2.6,UZ,1691040406
29,maintirano,-18.0667,44.0167,23.950000000000045,66,59,2.34,MG,1691040407
30,grytviken,-54.2811,-36.5092,-0.47999999999996135,95,100,1.97,GS,1691040408
31,callao,-12.0667,-77.15,21.160000000000025,73,100,5.14,PE,1691040408
32,timbuktu,16.7735,-3.0074,32.07000000000005,44,32,6.42,ML,1691040409
33,ilulissat,69.2167,-51.1,7.010000000000048,87,100,1.54,GL,1691040409
34,revda,56.801,59.9303,20.58000000000004,74,98,1.6,RU,1691040410
35,port elizabeth,-33.918,25.5701,7.160000000000025,81,0,1.03,ZA,1691040411
36,tazovsky,67.4667,78.7,18.54000000000002,52,7,5.06,RU,1691040411
37,ta`u,-14.2336,-169.5144,27.379999999999995,72,18,4.24,AS,1691040412
38,baise city,23.8997,106.6133,30.82000000000005,75,91,1.69,CN,1691040361
39,isafjordur,66.0755,-23.124,9.360000000000014,89,34,1.31,IS,1691040413
40,remire-montjoly,4.9167,-52.2667,23.02000000000004,100,0,0.0,GF,1691040414
41,yorkton,51.2167,-102.4677,16.910000000000025,77,0,0.0,CA,1691040414
42,enniskillen,54.3461,-7.6413,12.850000000000023,90,100,3.3,GB,1691040415
43,puerto natales,-51.7236,-72.4875,4.1200000000000045,93,100,7.69,CL,1691040415
44,ushuaia,-54.8,-68.3,1.8100000000000023,93,40,7.2,AR,1691040416
45,mooloolaba,-26.6833,153.1167,21.140000000000043,71,9,1.79,AU,1691040417
46,st. john's,47.5649,-52.7093,16.200000000000045,93,75,6.17,CA,1691040212
47,udachny,66.4167,112.4,10.25,66,66,7.33,RU,1691040418
48,jonesboro,35.8423,-90.7043,27.870000000000005,78,0,3.6,US,1691040326
49,blackmans bay,-43.0167,147.3167,18.07000000000005,50,100,3.75,AU,1691040419
50,broken hill,-31.95,141.4333,21.650000000000034,29,98,7.17,AU,1691040378
51,bethel,41.3712,-73.414,20.360000000000014,79,0,0.0,US,1691040420
52,qaqortoq,60.7167,-46.0333,5.490000000000009,89,93,2.35,GL,1691040421
53,kodiak,57.79,-152.4072,11.730000000000018,87,0,2.06,US,1691040422
54,chardara,41.2547,67.9692,32.34000000000003,20,0,5.08,KZ,1691040422
55,crane,31.3974,-102.3501,30.420000000000016,30,5,7.41,US,1691040423
56,saipan,15.1355,145.701,31.470000000000027,100,40,2.06,MP,1691040424
57,roma,43.2128,-75.4557,17.710000000000036,85,75,2.06,US,1691040424
58,san antonio de pale,-1.4014,5.6325,22.110000000000014,77,88,2.87,GQ,1691040425
59,kolonia,50.9333,6.95,17.710000000000036,81,93,0.45,DE,1691040182
60,sangola,17.4333,75.2,25.730000000000018,74,100,9.85,IN,1691040426
61,ciudad real,39.0,-4.0,21.189999999999998,76,0,1.79,ES,1691040427
62,vernon,50.2581,-119.2691,24.340000000000032,33,17,1.03,CA,1691040308
63,butembo,0.15,29.2833,15.520000000000039,83,96,1.08,CD,1691040428
64,west island,-12.1568,96.8225,25.99000000000001,69,75,8.23,CC,1691040428
65,badger,64.8,-147.5333,23.950000000000045,48,0,2.57,US,1691040429
66,nouadhibou,20.931,-17.0347,20.99000000000001,94,40,5.66,MR,1691040429
67,castillos,-34.1667,-53.8333,12.050000000000011,62,98,5.64,UY,1691040430
68,carangola,-20.7331,-42.0294,15.670000000000016,82,0,2.23,BR,1691040431
69,okhotsk,59.3833,143.3,20.25,45,100,5.18,RU,1691040431
70,tralee,52.2704,-9.7026,13.640000000000043,91,100,7.0,IE,1691040432
71,olonkinbyen,70.9221,-8.7187,6.150000000000034,82,100,3.8,SJ,1691040433
72,hawaiian paradise park,19.5933,-154.9731,25.730000000000018,84,40,1.54,US,1691040433
73,mahwah,27.05,76.9333,33.420000000000016,54,77,4.21,IN,1691040373
74,georgetown,5.4112,100.3354,32.75,68,40,3.09,MY,1691040214
75,hanceville,34.0607,-86.7675,23.980000000000018,60,22,2.2,US,1691040435
76,bilibino,68.0546,166.4372,10.78000000000003,94,100,2.51,RU,1691040436
77,magadan,59.5667,150.8,17.52000000000004,75,100,1.66,RU,1691040436
78,edinburgh of the seven seas,-37.0676,-12.3116,13.910000000000025,83,96,17.53,SH,1691040325
79,deqen,29.9618,90.7188,17.0,61,99,1.86,CN,1691040437
80,praia da vitoria,38.7333,-27.0667,23.200000000000045,94,75,6.43,PT,1691040267
81,vertou,47.1687,-1.4693,16.140000000000043,88,100,5.14,FR,1691040439
82,chui,-33.6971,-53.4616,13.020000000000039,71,97,6.31,UY,1691040268
83,carnarvon,-24.8667,113.6333,18.460000000000036,55,24,8.41,AU,1691040441
84,constantia,44.1833,28.65,23.379999999999995,62,1,2.67,RO,1691040442
85,ribeira grande,38.5167,-28.7,23.210000000000036,85,100,4.92,PT,1691040442
86,zhumysker,49.3333,49.4,30.25,28,100,4.62,KZ,1691040443
87,ancud,-41.8697,-73.8203,3.75,76,36,1.39,CL,1691040443
88,lihue,21.9789,-159.3672,27.58000000000004,76,0,7.2,US,1691040444
89,anadyr,64.75,177.4833,13.28000000000003,76,20,7.0,RU,1691040445
90,vila franca do campo,37.7167,-25.4333,22.230000000000018,93,100,1.53,PT,1691040445
91,kiunga,-6.1219,141.2906,29.400000000000034,61,91,2.14,PG,1691040197
92,bardai,11.65,7.2333,21.640000000000043,93,96,4.18,NG,1691040447
93,hadibu,12.65,54.0333,27.370000000000005,73,38,13.12,YE,1691040447
94,north bend,43.4065,-124.2243,16.200000000000045,94,0,2.06,US,1691040448
95,necochea,-38.5473,-58.7368,6.920000000000016,54,55,4.16,AR,1691040448
96,hithadhoo,-0.6,73.0833,27.52000000000004,73,52,3.35,MV,1691040449
97,norilsk,69.3535,88.2027,21.350000000000023,25,17,1.54,RU,1691040450
98,griffith,41.5284,-87.4237,23.83000000000004,89,0,0.0,US,1691040450
99,polyarnyy,69.1989,33.4478,19.600000000000023,65,13,4.98,RU,1691040451
100,labytnangi,66.6572,66.4183,22.920000000000016,51,0,7.82,RU,1691040452
101,whitehorse,60.7161,-135.0538,20.430000000000007,54,20,2.57,CA,1691040364
102,lagos,6.5833,3.75,25.180000000000007,87,100,1.97,NG,1691040453
103,north myrtle beach,33.816,-78.68,25.060000000000002,78,20,2.06,US,1691040453
104,palapag,12.5458,125.1147,32.89000000000004,54,100,3.98,PH,1691040454
105,papatowai,-46.5619,169.4708,9.75,83,87,4.75,NZ,1691040455
106,lata,40.1629,-8.3327,14.490000000000009,97,24,1.12,PT,1691040455
107,samitah,16.596,42.9444,31.80000000000001,62,77,1.97,SA,1691040456
108,swakopmund,-22.6833,14.5333,9.470000000000027,53,0,2.39,NA,1691040457
109,tsiombe,-25.3,45.4833,19.680000000000007,56,68,5.96,MG,1691040458
110,porto novo,6.4965,2.6036,25.900000000000034,86,98,2.84,BJ,1691040356
111,parkes,-33.1333,148.1833,19.640000000000043,49,8,0.45,AU,1691040459
112,nemuro,43.3236,145.575,19.05000000000001,91,100,5.08,JP,1691040459
113,clorinda,-25.2848,-57.7185,19.230000000000018,56,0,2.49,AR,1691040460
114,el granada,37.5027,-122.4694,17.730000000000018,87,100,5.14,US,1691040461
115,touros,-5.1989,-35.4608,23.58000000000004,89,6,4.61,BR,1691040461
116,shilin,24.8188,103.3324,22.970000000000027,72,99,1.62,CN,1691040462
117,puerto santa,-8.9906,-78.6456,19.590000000000032,82,80,4.02,PE,1691040462
118,hermanus,-34.4187,19.2345,13.78000000000003,46,96,4.64,ZA,1691040463
119,shubarshi,48.5872,57.1869,28.640000000000043,29,4,2.74,KZ,1691040464
120,bandundu,-3.3167,17.3667,21.939999999999998,56,17,1.66,CD,1691040464
121,daugavpils,55.8833,26.5333,15.800000000000011,91,53,2.47,LV,1691040465
122,tobarra,38.5921,-1.6919,22.32000000000005,38,0,4.97,ES,1691040465
123,mogadishu,2.0371,45.3438,26.930000000000007,83,40,7.2,SO,1691040359
124,san pedro pochutla,15.7333,-96.4667,23.730000000000018,94,100,2.14,MX,1691040467
125,barcelos,41.5388,-8.6151,15.379999999999995,92,3,2.72,PT,1691040468
126,tura,25.5198,90.2201,26.430000000000007,82,100,2.87,IN,1691040468
127,iskateley,67.6803,53.1512,23.850000000000023,55,2,3.38,RU,1691040469
128,fisterra,42.9049,-9.2629,14.300000000000011,76,51,6.31,ES,1691040470
129,atafu village,-8.5421,-172.5159,28.370000000000005,76,68,5.02,TK,1691040470
130,venice,27.0998,-82.4543,26.660000000000025,95,0,3.09,US,1691040471
131,naze,28.3667,129.4833,27.510000000000048,88,100,8.28,JP,1691040471
132,kuruman,-27.4524,23.4325,5.4500000000000455,77,0,5.26,ZA,1691040472
133,poronaysk,49.2167,143.1167,17.060000000000002,79,100,4.7,RU,1691040473
134,cidreira,-30.1811,-50.2056,18.400000000000034,84,34,3.55,BR,1691040473
135,kenai,60.5544,-151.2583,17.05000000000001,94,40,5.14,US,1691040240
136,rampachodavaram,17.45,81.7667,30.950000000000045,77,100,5.91,IN,1691040474
137,utrik,11.2278,169.8474,28.590000000000032,76,10,5.67,MH,1691040475
138,happy valley-goose bay,53.3168,-60.3315,11.170000000000016,93,40,2.06,CA,1691040476
139,vila velha,-20.3297,-40.2925,16.640000000000043,93,0,1.03,BR,1691040476
140,glace bay,46.1969,-59.957,13.420000000000016,92,20,2.57,CA,1691040438
141,kingston,17.997,-76.7936,28.53000000000003,85,20,2.57,JM,1691040272
142,sao joao da barra,-21.6403,-41.0511,19.83000000000004,84,0,4.81,BR,1691040478
143,qa'en,33.7265,59.1844,27.55000000000001,15,0,10.85,IR,1691040479
144,razampeta,14.1833,79.1667,33.09000000000003,41,100,11.12,IN,1691040479
145,isiro,2.7739,27.616,18.82000000000005,93,87,0.6,CD,1691040381
146,brak,27.5496,14.2714,28.460000000000036,24,0,3.46,LY,1691040480
147,neelankarai,12.9455,80.2575,33.03000000000003,55,20,6.17,IN,1691040481
148,solnechnyy,50.7214,136.6319,22.24000000000001,42,84,3.52,RU,1691040481
149,wainwright,52.839,-110.8572,19.010000000000048,47,10,5.99,CA,1691040482
150,tekeli,44.83,78.8239,29.870000000000005,19,1,5.29,KZ,1691040483
151,page,36.9147,-111.4558,22.879999999999995,51,0,1.79,US,1691040484
152,lulea,65.5842,22.1547,17.04000000000002,94,75,8.75,SE,1691040484
153,lebu,-37.6167,-73.65,6.890000000000043,74,12,7.63,CL,1691040485
154,minas de marcona,-15.2119,-75.1103,12.740000000000009,81,38,2.87,PE,1691040486
155,fenoarivo be,-18.4333,46.5667,16.58000000000004,53,0,4.96,MG,1691040486
156,fort st. john,56.2499,-120.8529,11.939999999999998,94,100,2.06,CA,1691040487
157,san patricio,28.017,-97.5169,29.920000000000016,75,11,5.17,US,1691040487
158,xining,36.6167,101.7667,27.760000000000048,39,100,4.8,CN,1691040208
159,codrington,-38.2667,141.9667,16.74000000000001,64,76,9.52,AU,1691040489
160,ust-nera,64.5667,143.2,20.400000000000034,34,68,1.94,RU,1691040489
161,undurkhaan,47.3194,110.6556,21.110000000000014,73,86,4.73,MN,1691040490
162,nikolayevsk-on-amure,53.1406,140.73,15.840000000000032,72,92,1.31,RU,1691040490
163,namibe,-15.1961,12.1522,17.720000000000027,81,1,1.9,AO,1691040384
164,ebon,4.582,168.6964,28.57000000000005,72,48,2.41,MH,1691040492
165,vadso,70.0744,29.7487,21.49000000000001,73,0,5.14,NO,1691040493
166,hammerfest,70.6634,23.6821,21.25,68,40,5.66,NO,1691040408
167,trzebnica,51.3108,17.0633,19.610000000000014,76,96,6.3,PL,1691040494
168,enewetak,11.3474,162.3373,28.75,77,87,4.99,MH,1691040495
169,fale old settlement,-9.3852,-171.2468,28.150000000000034,77,49,6.46,TK,1691040495
170,la passe,45.5549,-0.8967,16.660000000000025,74,42,9.06,FR,1691040496
171,sukumo,32.9333,132.7333,31.140000000000043,64,58,3.84,JP,1691040497
172,bredasdorp,-34.5322,20.0403,10.0,40,80,2.92,ZA,1691040498
173,simanggang,1.2472,111.4528,30.99000000000001,70,20,1.03,MY,1691040498
174,kailua-kona,19.6406,-155.9956,24.720000000000027,92,32,0.45,US,1691040205
175,zouerate,22.7187,-12.4521,30.379999999999995,21,14,3.86,MR,1691040500
176,centerville,39.6284,-84.1594,21.379999999999995,87,0,2.06,US,1691040391
177,vorgashor,67.5833,63.95,24.460000000000036,55,4,3.39,RU,1691040501
178,vilyuysk,63.7553,121.6247,26.28000000000003,31,62,1.33,RU,1691040501
179,sevastopol,44.6,33.5333,23.33000000000004,55,34,0.89,UA,1691040502
180,tiksi,71.6872,128.8694,5.5400000000000205,89,100,6.28,RU,1691040502
181,lohogaon,18.6,73.9167,26.450000000000045,70,100,8.75,IN,1691040503
182,split,43.5089,16.4392,27.140000000000043,65,0,2.06,HR,1691040504
183,buka,40.8108,69.1986,34.31,13,0,2.89,UZ,1691040484
184,kerikeri,-35.2268,173.9474,12.170000000000016,64,7,0.89,NZ,1691040506
185,laojunmiao,39.8333,97.7333,27.610000000000014,21,11,4.2,CN,1691040506
186,hell-ville,-13.4,48.2667,24.930000000000007,70,40,0.0,MG,1691040507
187,brisas de zicatela,15.8369,-97.0419,25.55000000000001,88,100,3.55,MX,1691040507
188,rocha,-34.4833,-54.3333,11.610000000000014,60,95,5.26,UY,1691040508
189,guerrero negro,27.9769,-114.0611,20.54000000000002,87,8,6.39,MX,1691040241
190,leh,34.1667,77.5833,20.25,43,12,2.12,IN,1691040254
191,stanley,54.868,-1.6985,11.740000000000009,94,20,3.6,GB,1691040510
192,fort bragg,35.139,-79.006,21.620000000000005,82,0,0.0,US,1691040510
193,saint-pierre,-21.3393,55.4781,24.760000000000048,83,40,8.23,RE,1691040511
194,east london,-33.0153,27.9116,15.520000000000039,47,0,5.14,ZA,1691040512
195,port mathurin,-19.6833,63.4167,23.49000000000001,76,9,5.82,MU,1691040512
196,elliot lake,46.3834,-82.6331,15.510000000000048,97,3,2.33,CA,1691040513
197,tadine,-21.55,167.8833,20.370000000000005,72,100,10.54,NC,1691040513
198,klyuchi,52.2667,79.1667,31.430000000000007,30,96,3.17,RU,1691040514
199,midvagur,62.0511,-7.1939,9.460000000000036,93,100,12.86,FO,1691040515
200,jiwani,25.05,61.7417,27.900000000000034,79,62,4.92,PK,1691040515
201,erenhot,43.6475,111.9767,32.56,26,69,9.27,CN,1691040516
202,itubera,-13.7322,-39.1492,18.390000000000043,95,30,1.95,BR,1691040516
203,pisco,-13.7,-76.2167,19.03000000000003,77,100,2.06,PE,1691040517
204,orange,33.7,-117.7675,25.189999999999998,77,0,1.54,US,1691040229
205,geraldton,-28.7667,114.6,16.230000000000018,63,40,5.66,AU,1691040510
206,punta arenas,-53.15,-70.9167,4.170000000000016,91,100,11.65,CL,1691040346
207,peterhead,57.5058,-1.7981,13.220000000000027,95,100,9.04,GB,1691040519
208,kulhudhuffushi,6.6221,73.07,28.060000000000002,74,65,4.14,MV,1691040520
209,inongo,-1.95,18.2667,20.49000000000001,72,57,1.43,CD,1691040521
210,plesetsk,62.708,40.2916,21.08000000000004,65,86,1.56,RU,1691040521
211,sinop,41.7711,34.8709,22.710000000000036,65,20,1.08,TR,1691040522
212,tromso,69.6496,18.957,20.77000000000004,72,75,1.54,NO,1691040523
213,jayapura,-2.5333,140.7,30.660000000000025,76,88,1.61,ID,1691040523
214,bairnsdale,-37.8333,147.6167,24.470000000000027,24,9,0.45,AU,1691040524
215,bathsheba,13.2167,-59.5167,28.340000000000032,78,40,6.69,BB,1691040524
216,villazon,-22.0866,-65.5942,5.710000000000036,25,0,1.48,BO,1691040526
217,katsuura,35.1333,140.3,29.110000000000014,75,78,6.86,JP,1691040526
218,xichang,27.8964,102.2634,26.970000000000027,65,42,0.91,CN,1691040527
219,anacapri,40.5558,14.2136,24.010000000000048,80,0,0.0,IT,1691040527
220,amahai,-3.3333,128.9167,28.33000000000004,85,62,5.16,ID,1691040528
221,zyrya,40.3661,50.2917,30.05000000000001,74,1,6.9,AZ,1691040529
222,sisimiut,66.9395,-53.6735,5.270000000000039,92,97,0.34,GL,1691040529
223,kapuskasing,49.4169,-82.4331,15.050000000000011,100,100,1.03,CA,1691040317
224,las tablas,7.7667,-80.2833,26.210000000000036,99,95,3.48,PA,1691040531
225,chegdomyn,51.1167,133.0167,25.58000000000004,34,83,1.64,RU,1691040531
226,miquelon,47.0975,-56.3814,15.0,83,80,6.15,PM,1691040267
227,balqash,46.8481,74.995,29.33000000000004,28,0,4.0,KZ,1691040532
228,chonchi,-42.6128,-73.8092,2.840000000000032,92,43,1.0,CL,1691040533
229,tual,-5.6667,132.75,26.27000000000004,83,28,7.58,ID,1691040534
230,fuglafjordur,62.244,-6.814,9.260000000000048,99,100,8.58,FO,1691040534
231,teluk nibung,3.001,99.8164,28.710000000000036,79,100,0.88,ID,1691040535
232,maych'ew,12.7875,39.5422,18.29000000000002,53,95,0.44,ET,1691040536
233,susuman,62.7833,148.1667,14.939999999999998,45,96,7.32,RU,1691040537
234,volksrust,-27.3654,29.8818,1.4700000000000273,88,0,1.33,ZA,1691040538
235,talodi,10.6325,30.3797,22.0,86,99,1.78,SD,1691040539
236,altus,34.6381,-99.334,34.04000000000002,35,0,4.63,US,1691040539
237,engel's,51.5,46.1167,21.370000000000005,78,98,0.45,RU,1691040394
238,cody,44.5263,-109.0565,21.120000000000005,55,100,2.06,US,1691040382
239,arraial do cabo,-22.9661,-42.0278,19.74000000000001,84,0,8.77,BR,1691040541
240,avarua,-21.2078,-159.775,23.03000000000003,94,100,3.6,CK,1691040542
241,lebowakgomo,-24.2,29.5,6.5,88,3,1.87,ZA,1691040542
242,rzhyshchiv,49.9689,31.0463,19.0,85,8,2.9,UA,1691040543
243,marsa alam,25.0757,34.8918,32.879999999999995,46,5,5.13,EG,1691040544
244,saint-philippe,-21.3585,55.7679,22.77000000000004,84,53,4.94,RE,1691040544
245,colonia,50.9333,6.95,17.710000000000036,81,93,0.45,DE,1691040257
246,alibag,18.6411,72.8792,29.04000000000002,82,100,7.63,IN,1691040545
247,kavaratti,10.5669,72.642,28.310000000000002,78,100,7.29,IN,1691040546
248,galliano,29.4422,-90.2992,26.110000000000014,88,54,0.0,US,1691040546
249,mersing,2.4312,103.8405,28.950000000000045,84,40,3.09,MY,1691040547
250,prado,-17.3411,-39.2208,19.720000000000027,84,40,2.0,BR,1691040254
251,dzhambeyty,50.2536,52.595,28.430000000000007,33,83,2.38,KZ,1691040548
252,paita,-5.0892,-81.1144,21.150000000000034,81,7,5.59,PE,1691040549
253,veraval,20.9,70.3667,27.090000000000032,84,100,8.05,IN,1691040550
254,vilyuchinsk,52.9306,158.4028,17.150000000000034,81,90,1.04,RU,1691040551
255,pauini,-7.7136,-66.9764,24.760000000000048,55,49,0.74,BR,1691040551
256,springbok,-29.6643,17.8865,10.689999999999998,38,5,5.07,ZA,1691040552
257,puerto san jose,13.9256,-90.8244,26.350000000000023,78,87,1.71,GT,1691040553
258,breaux bridge,30.2735,-91.8993,27.24000000000001,90,0,0.0,US,1691040553
259,margate,51.3813,1.3862,16.060000000000002,88,100,4.47,GB,1691040554
260,yuzhno-kurilsk,44.0306,145.8556,21.689999999999998,82,100,5.44,RU,1691040555
261,agbabu,6.5886,4.8343,23.110000000000014,92,100,0.82,NG,1691040555
262,pathein,16.7833,94.7333,30.670000000000016,70,97,7.58,MM,1691040556
263,queenstown,-31.8976,26.8753,6.0400000000000205,52,0,2.81,ZA,1691040556
264,lazaro cardenas,17.9583,-102.2,27.390000000000043,84,100,0.66,MX,1691040557
265,paoua,7.2427,16.4406,20.53000000000003,99,100,1.33,CF,1691040558
266,rotonda west,26.8837,-82.2901,26.660000000000025,97,0,1.54,US,1691040441
267,morwell,-38.2333,146.4,19.110000000000014,29,7,2.97,AU,1691040559
268,juneau,58.3019,-134.4197,17.0,91,40,2.57,US,1691040559
269,marica,-22.9194,-42.8186,19.950000000000045,81,0,1.91,BR,1691040560
270,korla,41.7597,86.1469,34.60000000000002,15,86,0.95,CN,1691040561
271,agat village,13.3886,144.6585,31.060000000000002,89,100,3.09,GU,1691040561
272,marang,5.2056,103.2059,32.950000000000045,67,96,1.35,MY,1691040562
273,petropavlovsk-kamchatsky,53.0452,158.6483,16.33000000000004,77,75,1.0,RU,1691040562
274,kone,-21.0595,164.8658,20.30000000000001,66,99,3.93,NC,1691040563
275,ketchikan,55.3422,-131.6461,16.260000000000048,82,0,0.0,US,1691040564
276,tolanaro,-25.0319,46.9987,21.04000000000002,64,75,5.14,MG,1691040564
277,gdansk,54.3521,18.6464,19.390000000000043,77,40,5.66,PL,1691040449
278,borskoye,53.0333,51.7167,26.360000000000014,42,11,0.2,RU,1691040566
279,haiku-pauwela,20.9219,-156.3051,25.02000000000004,79,40,8.23,US,1691040566
280,ndele,8.4109,20.6473,21.150000000000034,98,99,1.55,CF,1691040567
281,newport east,41.5158,-71.2875,20.24000000000001,75,0,1.54,US,1691040567
282,nelson bay,-32.7167,152.15,22.03000000000003,68,0,7.15,AU,1691040568
283,tangalle,6.024,80.7911,34.09000000000003,65,25,7.15,LK,1691040569
284,hamilton,39.1834,-84.5333,22.650000000000034,82,75,2.06,US,1691040294
285,mili,6.0815,171.735,28.600000000000023,72,74,2.95,MH,1691040570
286,umea,63.8284,20.2597,16.960000000000036,88,100,7.2,SE,1691040571
287,yinchuan,38.4681,106.2731,37.29000000000002,22,59,1.14,CN,1691040571
288,mossel bay,-34.1831,22.146,22.960000000000036,41,44,4.05,ZA,1691040572
289,badagry,6.4167,2.8833,24.140000000000043,86,99,3.89,NG,1691040573
290,broome,42.2506,-75.833,18.710000000000036,76,32,2.16,US,1691040573
291,saint-denis,48.9167,2.3333,16.430000000000007,89,75,7.2,FR,1691040574
292,redencao,-4.2258,-38.7306,23.08000000000004,94,47,0.61,BR,1691040575
293,simpang,-1.2667,104.0833,32.29000000000002,55,79,2.82,ID,1691040576
294,bereeda,11.8704,51.0579,33.400000000000034,44,50,8.46,SO,1691040576
295,childress,34.4264,-100.204,29.140000000000043,37,0,3.6,US,1691040577
296,port alfred,-33.5906,26.891,16.100000000000023,41,2,4.34,ZA,1691040577
297,mora,11.0461,14.1401,24.05000000000001,78,100,0.93,CM,1691040578
298,shache,38.4167,77.2406,32.629999999999995,16,100,1.78,CN,1691040578
299,libenge,3.65,18.6333,21.650000000000034,98,100,0.44,CD,1691040579
300,yaren,-0.5472,166.916,28.83000000000004,67,43,1.68,NR,1691040580
301,yakakent,41.6325,35.5289,24.74000000000001,71,35,1.17,TR,1691040580
302,nova sintra,14.8667,-24.7167,22.370000000000005,82,74,3.02,CV,1691040581
303,yamada,39.4667,141.95,28.560000000000002,72,40,3.7,JP,1691040581
304,college,64.8569,-147.8028,23.99000000000001,48,75,2.57,US,1691040582
305,chabahar,25.2919,60.643,29.350000000000023,72,6,5.09,IR,1691040583
306,taltal,-25.4,-70.4833,14.650000000000034,84,13,0.17,CL,1691040583
307,jiuquan,39.7432,98.5174,32.49000000000001,19,16,4.12,CN,1691040584
308,baruun-urt,46.6806,113.2792,25.090000000000032,54,65,6.3,MN,1691040585
309,toliara,-23.35,43.6667,19.379999999999995,70,1,7.09,MG,1691040585
310,andergrove,-21.0833,149.1833,22.58000000000004,75,7,8.35,AU,1691040586
311,mandiana,10.6333,-8.6833,21.160000000000025,97,96,1.95,GN,1691040586
312,mugia,43.1041,-9.2179,14.390000000000043,77,50,6.04,ES,1691040588
313,mount isa,-20.7333,139.5,27.870000000000005,28,4,5.66,AU,1691040588
314,labrador city,52.9463,-66.9114,9.950000000000045,93,100,0.0,CA,1691040589
315,alice springs,-23.7,133.8833,26.75,22,40,3.6,AU,1691040377
316,nicoya,10.1483,-85.452,24.49000000000001,91,100,0.45,CR,1691040590
317,maun,-19.9833,23.4167,11.980000000000018,62,0,2.57,BW,1691040591
318,salekhard,66.53,66.6019,22.82000000000005,50,0,7.73,RU,1691040591
319,kalaoa,19.7286,-155.9817,22.08000000000004,93,42,2.07,US,1691040592
320,baukau,51.5526,7.2042,16.920000000000016,83,99,2.68,DE,1691040592
321,fort-shevchenko,44.5086,50.263,30.730000000000018,34,99,10.35,KZ,1691040593
322,illizi,26.4833,8.4667,29.890000000000043,14,0,1.93,DZ,1691040594
323,kourou,5.1552,-52.6478,23.03000000000003,90,34,3.91,GF,1691040594
324,hobyo,5.3505,48.5268,25.950000000000045,70,100,9.45,SO,1691040595
325,paracuru,-3.41,-39.0306,26.730000000000018,86,7,5.37,BR,1691040595
326,eyl,7.9803,49.8164,28.810000000000002,46,99,12.86,SO,1691040596
327,sambalpur,21.45,83.9667,25.010000000000048,90,100,6.76,IN,1691040597
328,al majaridah,19.1236,41.9111,32.04000000000002,44,25,1.21,SA,1691040597
329,kirensk,57.7853,108.1119,26.02000000000004,31,0,3.85,RU,1691040598
330,dunedin,-45.8742,170.5036,10.450000000000045,73,78,1.79,NZ,1691040598
331,riohacha,11.5444,-72.9072,26.82000000000005,80,0,3.18,CO,1691040599
332,karratha,-20.7377,116.8463,24.840000000000032,61,100,1.58,AU,1691040600
333,staryy sambir,49.4386,23.0006,20.200000000000045,71,33,5.99,UA,1691040601
334,yemetsk,63.4721,41.7941,23.660000000000025,60,91,0.78,RU,1691040601
335,nur-sultan,51.1801,71.446,27.970000000000027,34,0,2.0,KZ,1691040462
336,escanaba,45.7453,-87.0646,19.170000000000016,100,0,0.0,US,1691040339
337,vyaz'ma,55.2104,34.2951,22.590000000000032,70,67,3.66,RU,1691040609
338,kabompo,-13.5927,24.2008,14.660000000000025,61,17,3.83,ZM,1691040610
339,acarau,-2.8856,-40.12,26.210000000000036,83,19,8.84,BR,1691040614
340,kupang,-10.1667,123.5833,30.32000000000005,54,40,4.63,ID,1691040616
341,hola,51.5377,23.1902,20.100000000000023,59,88,5.21,PL,1691040617
342,port lincoln,-34.7333,135.8667,22.840000000000032,41,66,7.33,AU,1691040618
343,maues,-3.3836,-57.7186,23.590000000000032,77,43,0.45,BR,1691040619
344,zhirnovsk,50.9845,44.7735,25.32000000000005,54,94,4.3,RU,1691040620
345,jiayuguan,39.8167,98.3,31.600000000000023,18,8,4.24,CN,1691040620
346,chernyshevsk,52.5243,117.0174,27.230000000000018,20,100,6.56,RU,1691040621
347,wotje,9.4543,170.2367,28.620000000000005,77,26,6.14,MH,1691040621
348,aykhal,66.0,111.5,9.629999999999995,61,72,5.39,RU,1691040622
349,severo-yeniseyskiy,60.3725,93.0408,23.53000000000003,38,100,3.68,RU,1691040623
350,shimoda,34.6667,138.95,35.06,74,4,5.16,JP,1691040624
351,sao gabriel da cachoeira,-0.1303,-67.0892,22.370000000000005,98,100,0.39,BR,1691040624
352,coquimbo,-29.9533,-71.3436,14.850000000000023,88,100,1.54,CL,1691040407
353,port saint john's,-31.6229,29.5448,14.150000000000034,42,0,1.76,ZA,1691040625
354,coyhaique,-45.5752,-72.0662,1.0900000000000318,98,99,4.31,CL,1691040626
355,forres,57.6113,-3.6108,13.980000000000018,90,100,5.66,GB,1691040627
356,goundam,16.4145,-3.6708,31.870000000000005,51,45,6.1,ML,1691040627
357,gizo,-8.103,156.8419,26.680000000000007,86,99,8.45,SB,1691040628
358,victoria de durango,24.0333,-104.6667,22.27000000000004,51,30,4.47,MX,1691040628
359,manchester,53.4809,-2.2374,14.800000000000011,85,36,4.12,GB,1691040535
360,alofi,-19.0595,-169.9187,19.939999999999998,88,100,5.14,NU,1691040629
361,lerwick,60.1545,-1.1494,13.0,90,86,5.79,GB,1691040630
362,atherton,53.5237,-2.4935,15.390000000000043,89,27,1.69,GB,1691040631
363,richards bay,-28.783,32.0377,14.910000000000025,74,0,3.18,ZA,1691040631
364,el transito,13.35,-88.35,21.939999999999998,96,98,1.33,SV,1691040632
365,gaspe,48.8334,-64.4819,13.950000000000045,100,0,1.54,CA,1691040632
366,pionerskiy,54.9508,20.2275,18.910000000000025,86,79,9.67,RU,1691040633
367,robertsport,6.7533,-11.3686,24.400000000000034,91,97,2.76,LR,1691040634
368,taroa,8.7058,171.2275,28.439999999999998,76,59,4.77,MH,1691040634
369,la ronge,55.1001,-105.2842,14.140000000000043,94,40,2.06,CA,1691040635
370,tutoia,-2.7619,-42.2744,25.939999999999998,82,11,5.26,BR,1691040572
371,nyurba,63.2842,118.3319,23.140000000000043,46,86,2.9,RU,1691040637
372,bengkulu,-3.8004,102.2655,28.100000000000023,77,20,3.46,ID,1691040638
373,nuevitas,21.5453,-77.2644,26.28000000000003,89,63,2.46,CU,1691040638
374,savanna-la-mar,18.219,-78.1332,27.970000000000027,87,90,1.5,JM,1691040639
375,ola,59.5833,151.2833,17.860000000000014,68,100,0.97,RU,1691040639
376,caribou,46.8606,-68.012,12.240000000000009,78,0,0.0,US,1691040541
377,nagqu,31.5,92.0,14.560000000000002,55,87,2.34,CN,1691040641
378,sitka,57.0531,-135.33,16.939999999999998,82,75,2.57,US,1691040641
379,turbo,8.0937,-76.7269,26.210000000000036,86,1,2.26,CO,1691040642
380,lengshuijiang,27.6881,111.4294,33.32000000000005,57,66,1.25,CN,1691040643
381,hasaki,35.7333,140.8333,35.73000000000002,78,40,8.59,JP,1691040644
382,extrema,-22.8547,-46.3183,14.82000000000005,54,0,1.62,BR,1691040644
383,lebanon,36.2081,-86.2911,24.870000000000005,89,75,0.0,US,1691040645
384,villa la venta,18.1,-94.05,25.04000000000002,93,100,3.64,MX,1691040645
385,filadelfia,39.9523,-75.1638,20.54000000000002,73,40,2.06,US,1691040548
386,san juan de miraflores,-12.1629,-76.9635,20.29000000000002,79,65,1.81,PE,1691040647
387,coxen hole,16.3244,-86.5366,27.689999999999998,81,98,5.83,HN,1691040647
388,rawai,7.7797,98.3253,31.660000000000025,63,100,6.44,TH,1691040648
389,pacocha,-17.5833,-71.3333,14.28000000000003,87,47,0.96,PE,1691040648
390,aydintepe,40.3894,40.1506,21.970000000000027,45,0,1.08,TR,1691040649
391,kapa'a,22.0752,-159.319,27.99000000000001,82,0,7.2,US,1691040649
392,as sulayyil,20.4607,45.5779,34.14000000000004,13,22,10.1,SA,1691040650
393,azul,-36.777,-59.8585,4.7000000000000455,81,91,2.46,AR,1691040478
394,kokstad,-30.5472,29.4241,7.8700000000000045,37,0,1.76,ZA,1691040652
395,ulanhot,46.0833,122.0833,18.340000000000032,97,98,6.64,CN,1691040652
396,hafar al-batin,28.4328,45.9708,37.32000000000005,10,0,4.12,SA,1691040653
397,obidos,-1.9175,-55.5181,23.850000000000023,74,43,1.38,BR,1691040654
398,tianpeng,30.9866,103.9393,27.340000000000032,75,37,2.09,CN,1691040655
399,al kharj,24.155,47.3346,38.32000000000005,8,0,3.91,SA,1691040655
400,markovo,57.3206,107.0881,26.470000000000027,28,0,3.78,RU,1691040656
401,kamez,41.3817,19.7603,22.879999999999995,83,0,1.03,AL,1691040656
402,luganville,-15.5333,167.1667,23.840000000000032,88,100,3.48,VU,1691040657
403,dwarka,22.2394,68.9678,27.760000000000048,80,100,9.78,IN,1691040469
404,howard springs,-12.497,131.047,32.950000000000045,26,0,1.93,AU,1691040658
405,kaele,10.1092,14.4508,23.610000000000014,83,89,1.1,CM,1691040659
406,persembe,41.0656,37.7714,25.680000000000007,79,17,1.74,TR,1691040660
407,wickenburg,33.9686,-112.7296,33.58000000000004,28,38,0.51,US,1691040660
408,sinjai,-5.1241,120.253,28.55000000000001,64,28,3.04,ID,1691040661
409,xilin hot,43.9667,116.0333,32.01000000000005,30,96,8.88,CN,1691040661
410,talakan,50.3167,130.3667,26.620000000000005,39,100,1.31,RU,1691040662
411,menomonie,44.8755,-91.9193,24.29000000000002,78,0,0.0,US,1691040663
412,qamdo,31.1667,97.2333,12.78000000000003,61,99,1.61,CN,1691040663
413,luderitz,-26.6481,15.1594,16.04000000000002,40,0,2.59,NA,1691040664
414,gunjur,13.2019,-16.7339,23.04000000000002,100,40,0.0,GM,1691040664
415,beardstown,40.0176,-90.4243,21.55000000000001,82,99,1.1,US,1691040665
416,lauro de freitas,-12.8944,-38.3272,25.010000000000048,83,75,4.12,BR,1691040522
417,soio,-6.1349,12.3689,19.840000000000032,88,79,0.67,AO,1691040666
418,payakumbuh,-0.2202,100.6308,32.0,45,99,1.06,ID,1691040667
419,jonuta,18.0833,-92.1333,23.52000000000004,95,98,2.23,MX,1691040667
420,aripuana,-9.1667,-60.6333,23.460000000000036,59,13,0.52,BR,1691040578
421,mount gambier,-37.8333,140.7667,17.590000000000032,56,72,6.22,AU,1691040659
422,imbituba,-28.24,-48.6703,18.810000000000002,80,1,1.41,BR,1691040669
423,opuwo,-18.0607,13.84,14.390000000000043,17,0,2.7,NA,1691040670
424,santa elena de uairen,4.6167,-61.1333,19.430000000000007,91,98,0.44,VE,1691040670
425,kinzan,36.1031,127.4889,33.460000000000036,53,65,3.64,KR,1691040671
426,mokpo,34.7936,126.3886,34.03000000000003,67,25,4.66,KR,1691040671
427,wanning,18.8003,110.3967,31.03000000000003,68,60,6.97,CN,1691040672
428,vung tau,10.346,107.0843,29.910000000000025,71,100,5.52,VN,1691040673
429,rodolfo sanchez taboada,31.7167,-116.5667,21.170000000000016,81,6,0.89,MX,1691040673
430,santana,-0.0583,-51.1817,28.100000000000023,89,40,2.44,BR,1691040674
431,oranjemund,-28.55,16.4333,17.100000000000023,28,0,5.69,NA,1691040675
432,manggar,-2.8833,108.2667,29.379999999999995,69,59,6.13,ID,1691040675
433,georgiyevka,43.0369,74.7114,30.02000000000004,25,0,3.0,KZ,1691040676
434,yanta,36.2411,115.6672,35.629999999999995,52,7,5.83,CN,1691040676
435,kunduz,36.75,68.75,39.410000000000025,12,0,4.86,AF,1691040677
436,canton,23.1167,113.25,35.97000000000003,37,10,1.29,CN,1691040418
437,colonel hill,22.7667,-74.2167,28.810000000000002,74,5,3.77,BS,1691040678
438,dilling,12.05,29.65,23.720000000000027,71,99,3.68,SD,1691040679
439,egilsstadir,65.2653,-14.3948,6.9500000000000455,93,75,1.54,IS,1691040679
440,thompson,55.7435,-97.8558,17.090000000000032,94,100,2.06,CA,1691040410
441,waddan,29.1614,16.139,29.010000000000048,44,0,2.26,LY,1691040681
442,gaigeturi,33.4644,126.3183,35.03000000000003,52,20,9.77,KR,1691040682
443,tosontsengel,48.7567,98.2839,16.180000000000007,78,100,2.84,MN,1691040682
444,harstad,68.799,16.5293,19.660000000000025,75,100,7.15,NO,1691040683
445,conception bay south,47.4999,-52.9981,16.07000000000005,95,100,3.1,CA,1691040612
446,canutama,-6.5339,-64.3831,24.379999999999995,64,47,1.11,BR,1691040684
447,tash-kumyr,41.3461,72.2171,37.52000000000004,14,0,3.62,KG,1691040685
448,puerto baquerizo moreno,-0.9,-89.6,23.720000000000027,80,6,4.45,EC,1691040685
449,ar rutbah,33.0381,40.2848,32.07000000000005,16,0,5.19,IQ,1691040686
450,onega,63.9061,38.1404,21.480000000000018,63,33,3.6,RU,1691040686
451,charikar,35.0136,69.1714,32.360000000000014,13,0,1.27,AF,1691040687
452,baragaon,25.4333,82.8167,29.99000000000001,84,75,5.66,IN,1691040688
453,alexandria,31.2156,29.9553,25.30000000000001,56,0,2.39,EG,1691040688
454,ha giang,22.8333,104.9833,30.840000000000032,85,79,1.59,VN,1691040689
455,natal,-5.795,-35.2094,23.360000000000014,100,40,3.09,BR,1691040690
456,qarauyl,48.9451,79.255,25.57000000000005,43,67,6.73,KZ,1691040690
457,mkokotoni,-5.8767,39.2547,24.920000000000016,74,99,7.12,TZ,1691040691
458,pikalevo,59.5183,34.1664,22.620000000000005,65,97,3.67,RU,1691040691
459,monze,-16.2833,27.4833,13.520000000000039,71,3,5.32,ZM,1691040692
460,pacific grove,36.6177,-121.9166,14.580000000000041,89,100,2.57,US,1691040693
461,baiculesti,45.0667,24.7,22.720000000000027,53,2,0.7,RO,1691040693
462,taoudenni,22.6783,-3.9836,36.650000000000034,9,28,2.92,ML,1691040694
463,tukrah,32.5341,20.5791,26.939999999999998,58,0,0.31,LY,1691040410
464,konarka,19.9,86.1167,29.220000000000027,63,66,8.07,IN,1691040629
465,banket,-17.3833,30.4,12.990000000000009,66,8,3.41,ZW,1691040695
466,ilebo,-4.3167,20.5833,23.650000000000034,52,48,0.22,CD,1691040696
467,mcpherson,38.3708,-97.6642,30.660000000000025,73,88,4.5,US,1691040697
468,bridgwater,51.1284,-3.0036,16.82000000000005,92,98,1.79,GB,1691040698
469,muriti,-1.9833,32.9167,22.52000000000004,56,58,6.96,TZ,1691040698
470,bakanas,44.8081,76.2772,34.83000000000004,15,0,4.26,KZ,1691040699
471,altai,46.3722,96.2583,20.430000000000007,39,3,5.03,MN,1691040699
472,mokhsogollokh,61.4681,128.9203,22.640000000000043,36,44,1.44,RU,1691040700
473,new norfolk,-42.7826,147.0587,18.720000000000027,55,99,3.43,AU,1691040700
474,sambava,-14.2667,50.1667,24.07000000000005,71,89,6.22,MG,1691040701
475,adilcevaz,38.8039,42.7342,24.060000000000002,36,0,1.84,TR,1691040702
476,aasiaat,68.7098,-52.8699,3.0400000000000205,95,100,0.61,GL,1691040702
477,afaahiti,-17.75,-149.2833,24.930000000000007,70,3,4.63,PF,1691040703
478,nueva gerona,21.8833,-82.8,29.060000000000002,74,80,3.58,CU,1691040704
479,vizinga,61.0749,50.1031,23.160000000000025,64,81,1.49,RU,1691040704
480,torrington,41.8007,-73.1212,16.58000000000004,92,9,0.45,US,1691040639
481,skelleftea,64.7507,20.9528,17.78000000000003,100,100,5.66,SE,1691040706
482,uturoa,-16.7333,-151.4333,26.310000000000002,67,8,5.78,PF,1691040706
483,sarmiento,-45.5882,-69.07,4.75,56,3,12.21,AR,1691040707
484,villa yapacani,-17.4,-63.8333,20.27000000000004,60,0,1.44,BO,1691040707
485,olyokminsk,60.3736,120.4264,27.670000000000016,24,2,0.32,RU,1691040708
486,mafra,-26.1114,-49.8053,10.950000000000045,93,3,0.98,BR,1691040709
487,powell river,49.8496,-124.5361,19.0,73,59,1.68,CA,1691040459
488,altamont,42.2068,-121.7372,21.910000000000025,43,0,4.63,US,1691040710
489,port augusta,-32.5,137.7667,25.07000000000005,28,69,11.03,AU,1691040711
490,mount pearl,47.5166,-52.7813,15.53000000000003,93,75,6.17,CA,1691040711
491,la'ie,21.6477,-157.9253,27.980000000000018,73,3,7.18,US,1691040712
492,lubango,-14.9172,13.4925,10.920000000000016,37,2,2.57,AO,1691040713
493,ixtapa,20.7,-105.2,26.79000000000002,94,40,1.54,MX,1691040713
494,safford,32.834,-109.7076,32.51000000000005,35,75,5.66,US,1691040714
495,hilo,19.7297,-155.09,25.850000000000023,79,40,1.54,US,1691040714
496,melekeok village,7.4957,134.6367,28.310000000000002,78,100,2.57,PW,1691040715
497,akureyri,65.6835,-18.0878,7.960000000000036,87,100,2.06,IS,1691040716
498,reggane,26.7158,0.1714,37.29000000000002,10,55,8.28,DZ,1691040716
499,mitu,1.1983,-70.1733,21.58000000000004,98,97,0.37,CO,1691040717
500,ust'-charyshskaya pristan',52.3934,83.6635,30.80000000000001,34,96,2.38,RU,1691040717
501,nar'yan-mar,67.6713,53.087,25.05000000000001,53,2,3.18,RU,1691040718
502,raahe,64.6833,24.4833,18.05000000000001,86,85,6.8,FI,1691040719
503,lorengau,-2.0226,147.2712,28.83000000000004,70,90,5.48,PG,1691040719
504,brookings,44.3114,-96.7984,24.54000000000002,88,0,2.57,US,1691040720
505,dijkot,31.2167,72.9833,39.76000000000005,33,1,3.18,PK,1691040720
506,tayu,-6.5397,111.0518,30.680000000000007,58,1,5.43,ID,1691040721
507,nizhniy odes,63.6445,54.856,24.870000000000005,44,26,2.1,RU,1691040721
508,weno,7.4515,151.8468,29.060000000000002,69,43,0.25,FM,1691040722
509,poshekhon'ye,58.4993,39.1353,22.210000000000036,64,7,3.31,RU,1691040723
510,tinqueux,49.25,3.9833,16.010000000000048,88,75,6.17,FR,1691040723
511,melendugno,40.2747,18.3368,26.700000000000045,94,0,3.09,IT,1691040724
512,singkil,-7.9855,111.4161,29.760000000000048,46,9,3.1,ID,1691040725
513,datong,40.0936,113.2914,34.379999999999995,38,87,3.55,CN,1691040725
514,am timan,11.0297,20.2827,23.03000000000003,89,67,1.87,TD,1691040463
515,keflavik,64.0049,-22.5624,11.950000000000045,82,75,3.09,IS,1691040726
516,badnawar,23.0167,75.2167,23.260000000000048,89,100,6.18,IN,1691040727
517,smithers,54.7804,-127.1743,13.180000000000007,82,75,0.0,CA,1691040728
518,suratgarh,29.3167,73.9,36.49000000000001,43,15,4.55,IN,1691040729
519,rumbek,6.802,29.6912,23.810000000000002,80,90,1.81,SS,1691040730
520,san juan,-31.5375,-68.5364,13.520000000000039,46,10,6.06,AR,1691040488
521,darya khan marri,26.6775,68.2859,37.72000000000003,42,16,1.3,PK,1691040731
522,al burayqah,30.4062,19.5739,27.150000000000034,71,0,2.34,LY,1691040732
523,tefenni,37.3097,29.7754,25.680000000000007,28,0,1.14,TR,1691040732
524,san luis de la loma,17.2706,-100.8939,26.189999999999998,86,100,2.14,MX,1691040733
525,nioki,-2.7167,17.6833,24.55000000000001,44,25,1.39,CD,1691040734
526,yelizovo,53.1873,158.3805,17.08000000000004,77,75,1.0,RU,1691040734
527,khandyga,62.6667,135.6,22.140000000000043,44,40,0.72,RU,1691040735
528,chifeng,42.2683,118.9636,37.05000000000001,37,74,7.6,CN,1691040736
529,mongo,12.1844,18.693,26.210000000000036,72,41,2.06,TD,1691040736
530,praya,14.9215,-23.5087,25.30000000000001,83,75,3.09,CV,1691040737
531,chongqing,29.5628,106.5528,33.460000000000036,59,40,3.0,CN,1691040737
532,auki,-8.7676,160.7034,26.200000000000045,84,100,2.13,SB,1691040738
533,vedaraniyam,10.3667,79.85,29.689999999999998,67,32,7.14,IN,1691040739
534,ulety,51.3572,112.4849,24.58000000000004,38,100,4.17,RU,1691040739
535,kuta,-8.7233,115.1723,28.970000000000027,74,20,6.26,ID,1691040740
536,ndungu,-4.3667,38.05,22.480000000000018,68,97,3.3,TZ,1691040740
537,caluula,11.9661,50.7569,31.860000000000014,58,28,2.92,SO,1691040741
538,kongsvinger,60.1905,11.9977,13.920000000000016,80,66,0.8,NO,1691040742
539,dobrna,46.3375,15.2264,22.650000000000034,75,5,1.35,SI,1691040742
540,kaga bandoro,6.9896,19.1874,22.03000000000003,98,100,2.67,CF,1691040743
541,funafuti,-8.5243,179.1942,31.0,84,40,2.57,TV,1691040477
542,tejen,37.3834,60.5054,37.81,9,0,2.2,TM,1691040744
543,grand falls-windsor,48.9332,-55.6649,11.950000000000045,91,66,2.94,CA,1691040573
544,meadow lake,34.8014,-106.5436,25.620000000000005,42,99,0.56,US,1691040745
545,east end,34.5507,-92.341,30.900000000000034,87,2,3.19,US,1691040746
546,gereida,11.2811,25.1414,26.29000000000002,69,91,4.19,SD,1691040746
547,gebeit,21.0667,36.3167,35.08000000000004,20,21,3.42,SD,1691040747
548,alghero,40.5589,8.3181,21.05000000000001,88,0,0.51,IT,1691040747
549,az zabadani,33.7249,36.1005,23.220000000000027,18,0,1.09,SY,1691040748
550,princeville,45.7668,-61.2985,14.620000000000005,93,0,1.03,CA,1691040749
551,rifle,39.5347,-107.7831,21.33000000000004,60,100,3.6,US,1691040750
552,neryungri,56.6709,124.6491,19.730000000000018,41,21,3.45,RU,1691040750
553,nova vicosa,-17.8919,-39.3719,19.210000000000036,85,0,1.48,BR,1691040751
554,pouso alegre,-22.23,-45.9364,12.710000000000036,62,0,0.41,BR,1691040574
